id,user,uid,version,changeset,timestamp
124577,robgeb,336460,3,16841526,2013-07-05T20:48:44Z
124716,robgeb,336460,3,16841318,2013-07-05T20:34:10Z
148838,doktorpixel14,3232636,469,53098538,2017-10-20T13:36:08Z
162018,happy5214,199837,60,44834795,2017-01-02T02:36:49Z
165473,EliteS,5152587,60,45578823,2017-01-28T00:20:25Z
166468,Seznam2,6311049,19,50249664,2017-07-13T07:47:46Z
170002,maxerickson,360392,5,47311385,2017-03-31T03:21:26Z
170007,nyuriks,339581,7,44202230,2016-12-06T08:05:15Z
170045,nyuriks,339581,3,44202230,2016-12-06T08:05:25Z
170049,FvGordon,161619,23,48536224,2017-05-09T16:12:38Z
170051,beweta,152074,9,47576918,2017-04-08T19:24:03Z
170052,nyuriks,339581,9,44202230,2016-12-06T08:05:27Z
170053,FvGordon,161619,60,48536224,2017-05-09T16:12:39Z
170062,roadgeek99,1442206,7,44508565,2016-12-19T06:55:53Z
170068,FvGordon,161619,28,48927875,2017-05-23T20:29:23Z
170116,Ryan Holliday,4847578,31,43717607,2016-11-17T03:43:56Z
170117,FvGordon,161619,35,48927875,2017-05-23T20:29:24Z
170118,Helmchen42,1817244,18,48190056,2017-04-27T10:33:19Z
170132,stevea,123633,66,50573522,2017-07-26T01:04:58Z
170133,nyuriks,339581,3,44202230,2016-12-06T08:05:57Z
170139,nyuriks,339581,3,44202230,2016-12-06T08:05:58Z
170142,nyuriks,339581,3,44202230,2016-12-06T08:05:59Z
170145,nyuriks,339581,3,44202230,2016-12-06T08:05:59Z
274454,nyuriks,339581,18,52367799,2017-09-25T22:12:31Z
334777,nmixter,55774,1,3192871,2009-11-23T11:30:36Z
373805,abellao,496923,4,29813387,2015-03-28T20:03:19Z
374625,gormur,103253,6,12051153,2012-06-28T21:27:15Z
375265,MojaveNC,63936,5,12041168,2012-06-27T21:19:22Z
375290,tomthepom,183021,3,46182405,2017-02-18T01:13:59Z
375313,MojaveNC,63936,3,11702663,2012-05-25T22:45:05Z
375326,MojaveNC,63936,3,12041138,2012-06-27T21:16:19Z
379657,MojaveNC,63936,4,12038763,2012-06-27T17:02:03Z
379658,MojaveNC,63936,3,12038763,2012-06-27T17:05:24Z
1275469,daniel_solow,1954307,81,52720643,2017-10-08T02:23:35Z
1320650,Chris Lawrence,36121,326,53046379,2017-10-18T17:31:50Z
1322942,nyuriks,339581,7,52369774,2017-09-26T00:00:25Z
1343156,nyuriks,339581,4,52369774,2017-09-26T00:00:42Z
1536804,woodpeck_repair,145231,4,19913240,2014-01-10T08:19:40Z
1536805,NE2,207745,1,7834649,2011-04-11T16:21:42Z
1536807,SimMoonXP,3392,2,33844646,2015-09-07T01:04:54Z
1536809,ranjithjoy,5623648,22,51926359,2017-09-11T04:47:46Z
1536810,Henrik Søiberg,3057743,7,32582170,2015-07-12T14:31:30Z
1536811,PlaneMad,1306,11,33771438,2015-09-03T12:09:26Z
1536814,TeresaPeteti,5648480,50,51926976,2017-09-11T05:31:11Z
1536815,Chris Lawrence,36121,28,53029461,2017-10-18T04:31:06Z
1536847,Howpper,1240864,17,44462384,2016-12-17T03:58:02Z
1536848,Tornado9989,337921,20,52635216,2017-10-04T19:26:04Z
1536850,srthurman,1877307,11,39569490,2016-05-25T23:48:29Z
1536851,SimMoonXP,3392,15,25928199,2014-10-07T21:40:41Z
1536852,TheDutchMan13,1330847,17,48467257,2017-05-07T07:27:12Z
1536853,Danno722,5085421,12,50365777,2017-07-17T23:49:19Z
1536854,TheDutchMan13,1330847,20,48879467,2017-05-22T07:44:28Z
1536855,ranjithjoy,5623648,39,51926212,2017-09-11T04:40:07Z
1536856,SimMoonXP,3392,7,28409277,2015-01-26T02:35:13Z
1536857,nyuriks,339581,8,52369774,2017-09-26T00:04:22Z
1536858,25or6to4,37392,2,37725652,2016-03-10T04:26:24Z
1536859,SimMoonXP,3392,10,26355229,2014-10-27T03:51:53Z
1536860,TheDutchMan13,1330847,19,48442202,2017-05-06T02:18:59Z
1536861,Tom_Holland,574654,15,44838956,2017-01-02T07:58:37Z
1536862,SimMoonXP,3392,5,26725473,2014-11-12T00:10:44Z
1536863,nyuriks,339581,8,52369774,2017-09-26T00:04:22Z
1536864,TheDutchMan13,1330847,17,48879467,2017-05-22T07:44:28Z
1536887,TheDutchMan13,1330847,9,48862639,2017-05-21T13:43:25Z
1536888,FvGordon,161619,9,48008529,2017-04-21T16:23:08Z
1536889,Howpper,1240864,6,44462475,2016-12-17T04:14:49Z
1536890,TheDutchMan13,1330847,18,48862639,2017-05-21T13:43:24Z
1599958,nyuriks,339581,4,47141185,2017-03-25T07:19:01Z
1606512,sebastic,665748,3,47121560,2017-03-24T11:00:11Z
1631815,Jens Remus,125318,2,22675714,2014-06-01T15:44:34Z
1652352,nyuriks,339581,10,47104411,2017-03-23T18:36:34Z
1686318,nyuriks,339581,10,52369774,2017-09-26T00:12:24Z
1694884,Reno Editor,1282393,14,52433984,2017-09-28T07:28:57Z
1799566,robgeb,336460,1,9603992,2011-10-19T21:00:39Z
1808175,Rudolf Mayer,1249205,4,21009197,2014-03-09T16:51:16Z
1809892,Rudolf Mayer,1249205,3,21003786,2014-03-09T11:23:03Z
1823532,Rudolf Mayer,1249205,6,21006803,2014-03-09T14:43:47Z
1828599,AM909,82317,1,9735365,2011-11-04T00:59:08Z
1828600,paulmach,91499,2,26900938,2014-11-20T05:16:06Z
1828601,PHerison,28378,3,40261664,2016-06-24T14:01:19Z
1828604,AM909,82317,1,9735365,2011-11-04T00:59:09Z
1828606,Chris Lawrence,36121,3,53046379,2017-10-18T17:31:56Z
1828607,ioanam_telenav,6191639,3,51198872,2017-08-17T09:24:57Z
1829571,M_TCompanies,6309237,5,50242441,2017-07-12T22:28:05Z
1830500,robgeb,336460,2,9748911,2011-11-05T18:09:14Z
1832203,Seznam2,6311049,25,50431267,2017-07-20T11:59:17Z
1833448,Rudolf Mayer,1249205,4,21009110,2014-03-09T16:46:23Z
1833449,robgeb,336460,1,9758680,2011-11-06T19:37:37Z
1833796,robgeb,336460,1,9759777,2011-11-06T21:01:17Z
1833988,Rudolf Mayer,1249205,2,20968530,2014-03-07T12:41:00Z
1834016,Rudolf Mayer,1249205,2,21007211,2014-03-09T15:08:35Z
1834905,robgeb,336460,1,9766898,2011-11-07T18:11:46Z
1834923,Rudolf Mayer,1249205,4,21007361,2014-03-09T15:16:43Z
1835119,Rudolf Mayer,1249205,4,20968707,2014-03-07T12:51:15Z
1835159,Rudolf Mayer,1249205,3,21001829,2014-03-09T09:04:41Z
1836463,Rudolf Mayer,1249205,3,21007188,2014-03-09T15:07:19Z
1836755,Rudolf Mayer,1249205,4,20989519,2014-03-08T16:17:02Z
1836760,sebastic,665748,2,47121560,2017-03-24T11:00:12Z
1839686,Rudolf Mayer,1249205,7,21009394,2014-03-09T17:01:42Z
1839687,SimMoonXP,3392,4,19966405,2014-01-13T06:35:51Z
1839718,robgeb,336460,1,9791490,2011-11-10T20:06:04Z
1839949,Rudolf Mayer,1249205,2,21007739,2014-03-09T15:38:21Z
1839971,Tom_Holland,574654,3,43988440,2016-11-27T17:45:40Z
1927509,TheDutchMan13,1330847,3,48043983,2017-04-22T20:32:46Z
1927510,Paul Johnson,92286,1,10183070,2011-12-22T21:20:32Z
1927511,SimMoonXP,3392,2,16623322,2013-06-19T22:31:33Z
1927512,SimMoonXP,3392,2,16623322,2013-06-19T22:31:32Z
1935047,Howpper,1240864,19,44462384,2016-12-17T03:58:02Z
1964738,Paul Johnson,92286,1,10361757,2012-01-11T16:03:46Z
1964739,Paul Johnson,92286,1,10361757,2012-01-11T16:03:47Z
1964919,Paul Johnson,92286,1,10362692,2012-01-11T17:59:09Z
1964920,Paul Johnson,92286,1,10362692,2012-01-11T17:59:10Z
1964921,Paul Johnson,92286,1,10362692,2012-01-11T17:59:10Z
1964922,Paul Johnson,92286,1,10362692,2012-01-11T17:59:11Z
1964923,Paul Johnson,92286,1,10362692,2012-01-11T17:59:12Z
1964924,Paul Johnson,92286,1,10362692,2012-01-11T17:59:13Z
1964925,Paul Johnson,92286,1,10362692,2012-01-11T17:59:14Z
1964926,Paul Johnson,92286,1,10362692,2012-01-11T17:59:14Z
1965236,ryandrake,1214881,3,15055395,2013-02-16T19:12:57Z
1965237,Paul Johnson,92286,1,10364623,2012-01-11T21:27:46Z
1965575,sebastic,665748,2,47121560,2017-03-24T11:00:12Z
1965576,sebastic,665748,2,47121560,2017-03-24T11:00:12Z
2097669,Polyglot,15188,7,52026318,2017-09-14T05:44:07Z
2175228,TheDutchMan13,1330847,2,47961860,2017-04-20T07:23:16Z
2177306,sebastic,665748,2,47121560,2017-03-24T11:00:12Z
2196316,sebastic,665748,2,47121560,2017-03-24T11:00:12Z
2306281,MatthewAndersonUS80,818552,40,52722148,2017-10-08T05:47:04Z
2306284,Chris Lawrence,36121,75,53046379,2017-10-18T17:31:56Z
2306492,Reno Editor,1282393,138,52433984,2017-09-28T07:28:58Z
2317122,Helmchen42,1817244,11,52563484,2017-10-02T12:45:18Z
2317123,Helmchen42,1817244,16,52563484,2017-10-02T12:45:19Z
2319897,Chris Lawrence,36121,180,53046379,2017-10-18T17:31:58Z
2417446,hno2,310589,3,13130591,2012-09-16T13:36:34Z
2417540,Syl,224440,3,34448418,2015-10-05T13:47:33Z
2417542,hno2,310589,2,13130773,2012-09-16T13:53:01Z
2417543,werner2101,110263,3,13438027,2012-10-10T08:58:33Z
2557834,sebastic,665748,2,47121560,2017-03-24T11:00:12Z
2575139,sebastic,665748,2,47121560,2017-03-24T11:00:12Z
2616482,rowers2,2445224,2,49611218,2017-06-17T10:17:32Z
2616483,DLichti,161951,1,14144761,2012-12-03T20:48:59Z
2616484,rowers2,2445224,2,49611218,2017-06-17T10:17:32Z
2628969,hno2,310589,1,14213725,2012-12-09T14:54:20Z
2718127,happy5214,199837,36,44745694,2016-12-29T02:31:11Z
2742834,saikofish,236172,1,14930197,2013-02-06T07:07:43Z
2747787,sebastic,665748,2,47121560,2017-03-24T11:00:12Z
2769688,sebastic,665748,2,47121560,2017-03-24T11:00:12Z
2816630,Tom_Holland,574654,5,44974856,2017-01-07T09:35:31Z
2824311,ryandrake,1214881,1,15391592,2013-03-17T05:59:16Z
2824312,ryandrake,1214881,1,15391592,2013-03-17T05:59:16Z
2824313,ryandrake,1214881,1,15391592,2013-03-17T05:59:16Z
2824448,ryandrake,1214881,1,15392072,2013-03-17T07:42:09Z
2824449,ryandrake,1214881,1,15392072,2013-03-17T07:42:09Z
2866281,sebastic,665748,2,47121560,2017-03-24T11:00:13Z
2880120,maxerickson,360392,3,47335340,2017-03-31T18:54:17Z
2891044,ryandrake,1214881,1,15817046,2013-04-21T21:13:27Z
2891045,ryandrake,1214881,1,15817046,2013-04-21T21:13:27Z
2952795,karitotp,2748195,2,39892292,2016-06-08T19:41:12Z
2952812,Jozzy,35112,1,16241198,2013-05-22T17:40:58Z
2962356,Jozzy,35112,1,16313617,2013-05-27T18:22:00Z
2962357,wha55,2128981,2,23133896,2014-06-25T01:30:15Z
2962358,Jozzy,35112,1,16313617,2013-05-27T18:22:00Z
2962359,Howpper,1240864,2,44172310,2016-12-05T05:07:08Z
3010589,sebastic,665748,2,47121560,2017-03-24T11:00:13Z
3016974,GoWestTravel,3478684,2,38580430,2016-04-15T08:05:11Z
3128263,THIRRY,1709189,1,17287193,2013-08-10T04:03:39Z
3128451,hno2,310589,1,17289354,2013-08-10T10:03:31Z
3214896,CueVii,5015145,3,47428804,2017-04-04T01:57:53Z
3214897,hno2,310589,1,17908649,2013-09-18T16:13:30Z
3237616,KristenK,1494110,1,18115491,2013-09-30T18:14:05Z
3237617,KristenK,1494110,1,18115491,2013-09-30T18:14:05Z
3237618,KristenK,1494110,1,18115491,2013-09-30T18:14:05Z
3275070,dchiles,153669,1,18395457,2013-10-17T00:08:22Z
3314862,hno2,310589,1,18780674,2013-11-08T11:51:02Z
3342273,maxerickson,360392,4,47364087,2017-04-01T18:40:18Z
3392214,Toliman,204045,3,19573115,2013-12-21T21:20:30Z
3476016,dima,50743,2,24684659,2014-08-11T18:13:44Z
3476017,dima,50743,2,24684659,2014-08-11T18:13:44Z
3476039,chewey,1208453,1,20276421,2014-01-30T02:35:08Z
3476040,theangrytomato,730573,2,49903339,2017-06-28T22:02:03Z
3476041,chewey,1208453,1,20276421,2014-01-30T02:35:08Z
3476042,chewey,1208453,1,20276421,2014-01-30T02:35:08Z
3476043,TheDutchMan13,1330847,2,48488995,2017-05-08T03:05:12Z
3476044,chewey,1208453,1,20276421,2014-01-30T02:35:09Z
3476045,chewey,1208453,1,20276421,2014-01-30T02:35:09Z
3554736,Tom_Holland,574654,5,44163441,2016-12-04T18:28:43Z
3554760,Tom_Holland,574654,3,44174852,2016-12-05T07:34:55Z
3554761,Tom_Holland,574654,3,44174852,2016-12-05T07:34:52Z
3554853,maxerickson,360392,4,47359851,2017-04-01T15:55:46Z
3554854,maxerickson,360392,2,47359851,2017-04-01T15:55:47Z
3558655,abellao,496923,2,21596705,2014-04-09T21:13:00Z
3558665,Rudolf Mayer,1249205,1,20956832,2014-03-06T19:35:20Z
3558675,Rudolf Mayer,1249205,1,20957021,2014-03-06T19:44:05Z
3558755,Rudolf Mayer,1249205,1,20957958,2014-03-06T20:28:32Z
3563663,Rudolf Mayer,1249205,1,21001764,2014-03-09T08:59:55Z
3573762,DrStile,1983121,1,21085584,2014-03-13T16:53:41Z
3676543,Las Vegas Guy,2043636,1,21875460,2014-04-22T23:50:55Z
3676544,Las Vegas Guy,2043636,1,21875460,2014-04-22T23:50:56Z
3676568,Las Vegas Guy,2043636,1,21876160,2014-04-23T00:51:22Z
3741826,abellao,496923,1,22324691,2014-05-14T01:53:08Z
3784222,Seandebasti,550560,1,22648635,2014-05-31T00:24:23Z
3784602,sebastic,665748,3,47121560,2017-03-24T11:00:14Z
3784796,Seandebasti,550560,1,22650326,2014-05-31T06:14:05Z
3789355,Jens Remus,125318,2,22689560,2014-06-02T09:19:10Z
3839142,abellao,496923,1,23078109,2014-06-22T10:48:12Z
3917232,abellao,496923,1,24392124,2014-07-27T21:17:52Z
3933339,Tom_Holland,574654,2,44940053,2017-01-06T00:22:04Z
3947490,maxerickson,360392,1,24622529,2014-08-08T19:39:52Z
3947496,maxerickson,360392,1,24622529,2014-08-08T19:39:53Z
3979575,TheDutchMan13,1330847,2,48870314,2017-05-21T20:54:03Z
3979581,TheDutchMan13,1330847,2,48870314,2017-05-21T20:54:03Z
4028780,aaront,302009,2,28011994,2015-01-09T05:16:32Z
4046497,dmgroom_ct,437598,1,25490887,2014-09-17T00:04:07Z
4176423,TheDutchMan13,1330847,2,48104139,2017-04-24T21:56:38Z
4176424,TheDutchMan13,1330847,2,48104139,2017-04-24T22:00:06Z
4176426,TheDutchMan13,1330847,2,48104139,2017-04-24T21:56:38Z
4176428,TheDutchMan13,1330847,2,48104139,2017-04-24T21:56:38Z
4202064,abellao,496923,1,26834214,2014-11-17T00:12:35Z
4202065,abellao,496923,1,26834214,2014-11-17T00:12:35Z
4202066,abellao,496923,1,26834214,2014-11-17T00:12:36Z
4202067,abellao,496923,1,26834214,2014-11-17T00:12:36Z
4202068,abellao,496923,1,26834214,2014-11-17T00:12:36Z
4243845,abellao,496923,1,27175629,2014-12-02T10:43:30Z
4274004,maxerickson,360392,2,47365531,2017-04-01T19:35:56Z
4471077,aaront,302009,1,28011994,2015-01-09T05:16:28Z
4503826,Teesta,6443638,13,51926807,2017-09-11T05:19:42Z
4618045,MikeN,135163,1,29029545,2015-02-22T19:45:48Z
4629467,TheDutchMan13,1330847,2,48665011,2017-05-14T05:29:46Z
4645177,alecdhuse,214103,1,29231478,2015-03-03T20:53:28Z
4646933,Geo_MA,2703224,1,29246813,2015-03-04T15:14:06Z
4646934,Geo_MA,2703224,1,29246813,2015-03-04T15:14:06Z
4646935,Geo_MA,2703224,1,29246813,2015-03-04T15:14:06Z
4649048,GoWestTravel,3478684,2,38571218,2016-04-14T21:49:49Z
4673830,Sidizen,2323327,1,29486175,2015-03-15T06:22:31Z
4756495,andygol,94578,1,29945923,2015-04-03T08:21:07Z
4756496,andygol,94578,1,29945923,2015-04-03T08:21:08Z
4866496,andygol,94578,1,30794714,2015-05-05T00:37:09Z
4866497,andygol,94578,2,30821680,2015-05-05T20:06:03Z
4866498,andygol,94578,1,30794714,2015-05-05T00:37:09Z
4868210,andygol,94578,1,30821680,2015-05-05T20:06:02Z
4868211,andygol,94578,1,30821680,2015-05-05T20:06:02Z
5158496,lokejul,2034065,1,31272702,2015-05-19T02:48:29Z
5299317,andygol,94578,1,32074367,2015-06-19T12:47:32Z
5299880,maxerickson,360392,2,47326937,2017-03-31T14:11:05Z
5342135,mash84121,1501508,1,32451973,2015-07-06T16:04:54Z
5342149,mash84121,1501508,1,32452097,2015-07-06T16:10:29Z
5342155,GoWestTravel,3478684,2,38571218,2016-04-14T21:49:49Z
5342180,pbfoot06,2281061,3,45065755,2017-01-11T00:43:01Z
5466934,rowers2,2445224,2,49611218,2017-06-17T10:17:33Z
5467070,maphnsj,1959254,1,33622355,2015-08-27T14:19:01Z
5720395,AndyGSE,2905139,1,35773851,2015-12-05T18:30:31Z
5749461,bahnpirat,13203,1,36014963,2015-12-17T18:25:17Z
5751093,mihaii_telenav,2944689,1,36025040,2015-12-18T10:32:14Z
5751094,mihaii_telenav,2944689,1,36025040,2015-12-18T10:32:14Z
5751095,mihaii_telenav,2944689,1,36025040,2015-12-18T10:32:15Z
5751096,mihaii_telenav,2944689,1,36025040,2015-12-18T10:32:15Z
5766220,Dilys,2475974,15,52069597,2017-09-15T13:39:14Z
5808634,Dilys,2475974,1,36244801,2015-12-29T16:19:51Z
5833112,Yoshinion,3151684,1,36412150,2016-01-06T19:58:02Z
5833113,Yoshinion,3151684,1,36412150,2016-01-06T19:58:02Z
5936155,Geogast,51045,2,36946219,2016-02-01T21:13:44Z
5936157,Geogast,51045,2,36946219,2016-02-01T21:13:44Z
5936994,Geogast,51045,1,36946219,2016-02-01T21:13:44Z
5953167,Bernhard W,110838,1,37047283,2016-02-06T19:15:55Z
5953279,Bernhard W,110838,1,37048299,2016-02-06T20:10:24Z
5977159,Dilys,2475974,1,37213646,2016-02-14T22:12:23Z
5977175,Dilys,2475974,2,37214136,2016-02-14T22:52:43Z
5977235,Dilys,2475974,1,37214206,2016-02-14T22:57:56Z
5978319,Dilys,2475974,1,37225651,2016-02-15T14:21:34Z
5978351,Dilys,2475974,1,37226081,2016-02-15T14:42:44Z
5978589,Dilys,2475974,1,37228664,2016-02-15T16:45:40Z
5978627,Dilys,2475974,1,37228977,2016-02-15T16:59:04Z
5979212,Dilys,2475974,2,37234759,2016-02-15T21:38:59Z
5979320,Dilys,2475974,1,37233556,2016-02-15T20:41:13Z
5979503,Dilys,2475974,2,37234818,2016-02-15T21:42:04Z
5979896,Dilys,2475974,1,37235324,2016-02-15T22:11:40Z
5982567,Dilys,2475974,1,37248631,2016-02-16T15:52:03Z
5982772,Dilys,2475974,2,37255364,2016-02-16T21:12:15Z
5982880,Dilys,2475974,1,37251975,2016-02-16T18:37:00Z
5995995,Deaf007,2729711,1,37357706,2016-02-22T01:11:23Z
6022477,cowdog,3125856,1,37579310,2016-03-03T05:46:44Z
6036584,cowdog,3125856,1,37698896,2016-03-09T01:17:24Z
6036585,cowdog,3125856,1,37698896,2016-03-09T01:17:25Z
6039059,cowdog,3125856,1,37725867,2016-03-10T04:59:11Z
6043846,sebastic,665748,6,46316604,2017-02-22T19:20:36Z
6061175,abellao,496923,1,37912091,2016-03-18T06:24:41Z
6138872,GoWestTravel,3478684,1,38571218,2016-04-14T21:49:28Z
6138873,GoWestTravel,3478684,1,38571218,2016-04-14T21:49:28Z
6138874,GoWestTravel,3478684,1,38571218,2016-04-14T21:49:28Z
6138875,GoWestTravel,3478684,1,38571218,2016-04-14T21:49:28Z
6138876,GoWestTravel,3478684,1,38571218,2016-04-14T21:49:28Z
6138877,GoWestTravel,3478684,1,38571218,2016-04-14T21:49:29Z
6138878,GoWestTravel,3478684,1,38571218,2016-04-14T21:49:29Z
6138879,GoWestTravel,3478684,2,38579829,2016-04-15T07:40:16Z
6138880,GoWestTravel,3478684,1,38571218,2016-04-14T21:49:29Z
6138881,GoWestTravel,3478684,1,38571218,2016-04-14T21:49:29Z
6138882,GoWestTravel,3478684,1,38571218,2016-04-14T21:49:30Z
6138883,GoWestTravel,3478684,1,38571218,2016-04-14T21:49:30Z
6139942,GoWestTravel,3478684,1,38579829,2016-04-15T07:40:11Z
6139943,GoWestTravel,3478684,1,38579829,2016-04-15T07:40:11Z
6143725,user_5359,5359,1,38620175,2016-04-16T12:04:53Z
6160704,Little Brother,1694420,1,38791031,2016-04-22T16:25:09Z
6257266,srividya_c,2115749,1,39576064,2016-05-26T09:02:57Z
6257289,TheDutchMan13,1330847,2,48108440,2017-04-25T03:44:18Z
6257368,srividya_c,2115749,1,39577074,2016-05-26T09:51:34Z
6257389,Iqhra,6371645,2,51926197,2017-09-11T04:39:23Z
6257527,TheDutchMan13,1330847,2,48384202,2017-05-04T06:28:03Z
6257528,TheDutchMan13,1330847,2,48384202,2017-05-04T06:28:04Z
6257637,srividya_c,2115749,1,39579611,2016-05-26T12:03:58Z
6260064,Tom_Holland,574654,3,41218086,2016-08-03T16:19:23Z
6260125,karitotp,2748195,2,39893070,2016-06-08T20:13:55Z
6260195,srividya_c,2115749,1,39601750,2016-05-27T11:26:50Z
6260620,srividya_c,2115749,1,39602228,2016-05-27T11:52:45Z
6260626,srividya_c,2115749,1,39602341,2016-05-27T11:58:02Z
6260630,TeresaPeteti,5648480,3,51926392,2017-09-11T04:50:04Z
6260639,srividya_c,2115749,1,39602654,2016-05-27T12:11:32Z
6260640,srividya_c,2115749,1,39602654,2016-05-27T12:11:32Z
6296322,Teesta,6443638,3,51929093,2017-09-11T06:59:14Z
6296439,karitotp,2748195,1,39891664,2016-06-08T19:12:42Z
6296497,karitotp,2748195,1,39892233,2016-06-08T19:38:18Z
6296524,karitotp,2748195,1,39892494,2016-06-08T19:49:57Z
6296530,karitotp,2748195,1,39892522,2016-06-08T19:51:01Z
6296536,karitotp,2748195,1,39892579,2016-06-08T19:53:17Z
6296736,karitotp,2748195,1,39893070,2016-06-08T20:13:55Z
6296737,karitotp,2748195,1,39893070,2016-06-08T20:13:55Z
6296749,marthaleena,5659851,2,52133773,2017-09-18T06:48:04Z
6296764,karitotp,2748195,1,39893306,2016-06-08T20:23:23Z
6296770,karitotp,2748195,1,39893334,2016-06-08T20:24:34Z
6296787,TeresaPeteti,5648480,3,51926138,2017-09-11T04:35:14Z
6296790,karitotp,2748195,1,39893421,2016-06-08T20:28:12Z
6296794,karitotp,2748195,1,39893536,2016-06-08T20:34:15Z
6296804,karitotp,2748195,2,39893629,2016-06-08T20:38:37Z
6296810,karitotp,2748195,1,39893629,2016-06-08T20:38:37Z
6296812,karitotp,2748195,1,39893664,2016-06-08T20:40:18Z
6296814,karitotp,2748195,1,39893709,2016-06-08T20:42:18Z
6296859,TeresaPeteti,5648480,2,51926976,2017-09-11T05:31:11Z
6296864,Jothirnadh,2015224,2,39906274,2016-06-09T11:19:23Z
6296881,karitotp,2748195,2,39894157,2016-06-08T21:04:18Z
6296892,karitotp,2748195,1,39894157,2016-06-08T21:04:18Z
6296893,TheDutchMan13,1330847,2,48410680,2017-05-05T01:08:41Z
6296913,TheDutchMan13,1330847,2,48689705,2017-05-15T04:49:13Z
6296946,FvGordon,161619,3,48927875,2017-05-23T20:29:24Z
6296956,Tom_Holland,574654,2,41218086,2016-08-03T16:19:23Z
6299602,Jothirnadh,2015224,1,39906274,2016-06-09T11:19:22Z
6299603,Jothirnadh,2015224,1,39906274,2016-06-09T11:19:23Z
6300213,karitotp,2748195,1,39911344,2016-06-09T15:44:15Z
6300214,TheDutchMan13,1330847,3,48043983,2017-04-22T20:32:46Z
6300330,karitotp,2748195,1,39911992,2016-06-09T16:18:37Z
6300337,karitotp,2748195,1,39912068,2016-06-09T16:22:50Z
6300338,karitotp,2748195,1,39912068,2016-06-09T16:22:51Z
6300348,karitotp,2748195,1,39912241,2016-06-09T16:30:42Z
6300369,TheDutchMan13,1330847,2,48108440,2017-04-25T03:52:21Z
6300384,Iqhra,6371645,4,51928679,2017-09-11T06:44:05Z
6300393,TheDutchMan13,1330847,2,48044071,2017-04-22T20:47:16Z
6300402,Iqhra,6371645,5,51928679,2017-09-11T06:44:05Z
6300418,karitotp,2748195,1,39913053,2016-06-09T17:09:28Z
6300419,karitotp,2748195,1,39913053,2016-06-09T17:09:28Z
6319786,karitotp,2748195,1,40067252,2016-06-16T13:48:47Z
6338981,Olyon,1443767,1,40182883,2016-06-21T15:00:11Z
6352399,GoWestTravel,3478684,1,40253604,2016-06-24T08:02:44Z
6368003,TheDutchMan13,1330847,2,48022228,2017-04-22T04:43:44Z
6403948,qwerty10,33321,2,50118614,2017-07-07T21:10:45Z
6418735,midnightcomm,10344,1,40794598,2016-07-17T09:49:16Z
6421353,midnightcomm,10344,1,40810617,2016-07-18T05:31:42Z
6421354,Tornado9989,337921,10,52635216,2017-10-04T19:26:05Z
6443557,midnightcomm,10344,1,41088209,2016-07-28T15:12:03Z
6443558,midnightcomm,10344,1,41088209,2016-07-28T15:12:03Z
6446092,happy5214,199837,4,44834795,2017-01-02T02:36:55Z
6450087,Tom_Holland,574654,1,41156887,2016-08-01T01:04:49Z
6450088,Tom_Holland,574654,1,41156887,2016-08-01T01:04:49Z
6450089,Tom_Holland,574654,1,41156887,2016-08-01T01:04:49Z
6450090,Tom_Holland,574654,1,41156887,2016-08-01T01:04:49Z
6450091,Tom_Holland,574654,1,41156887,2016-08-01T01:04:49Z
6450092,Tom_Holland,574654,1,41156887,2016-08-01T01:04:49Z
6451807,Tom_Holland,574654,1,41172929,2016-08-01T17:06:23Z
6451812,NickBolten,2773196,2,49657413,2017-06-19T06:41:19Z
6452665,Tom_Holland,574654,1,41182077,2016-08-02T03:10:39Z
6452666,Tom_Holland,574654,1,41182077,2016-08-02T03:10:39Z
6452788,dbwiddis,4121152,2,41182608,2016-08-02T04:15:07Z
6454502,Tom_Holland,574654,1,41198574,2016-08-02T18:05:27Z
6454565,Tom_Holland,574654,1,41199629,2016-08-02T18:56:37Z
6456945,Tom_Holland,574654,1,41218086,2016-08-03T16:19:22Z
6462245,Tom_Holland,574654,1,41252025,2016-08-05T05:39:59Z
6462246,Tom_Holland,574654,1,41252025,2016-08-05T05:39:59Z
6482651,TheDutchMan13,1330847,2,47984130,2017-04-20T20:33:46Z
6482652,TheDutchMan13,1330847,2,47984130,2017-04-20T20:33:46Z
6496694,glebius,94786,9,47246918,2017-03-29T02:51:36Z
6525075,TheDutchMan13,1330847,3,48146731,2017-04-26T02:18:04Z
6525076,TheDutchMan13,1330847,2,48104139,2017-04-24T22:21:21Z
6550411,Tom_Holland,574654,1,41861606,2016-09-02T05:30:54Z
6614841,Polyglot,15188,4,52026318,2017-09-14T05:44:07Z
6614842,Polyglot,15188,4,52026318,2017-09-14T05:44:07Z
6614843,PaulLiu,62603,1,42485027,2016-09-28T04:43:17Z
6639811,Polyglot,15188,8,52026043,2017-09-14T05:24:33Z
6678715,Tom_Holland,574654,1,43275808,2016-10-30T02:09:42Z
6750479,Tom_Holland,574654,1,44054299,2016-11-30T08:47:09Z
6760835,Tom_Holland,574654,1,44152578,2016-12-04T08:17:43Z
6767465,Danno722,5085421,3,50365777,2017-07-17T23:49:19Z
6767466,25or6to4,37392,2,47281465,2017-03-30T06:04:51Z
6767467,Howpper,1240864,1,44172310,2016-12-05T05:07:05Z
6767468,Danno722,5085421,2,50365777,2017-07-17T23:49:19Z
6767469,Howpper,1240864,2,44462475,2016-12-17T04:14:49Z
6767470,Howpper,1240864,2,44197325,2016-12-06T02:27:27Z
6767693,Tom_Holland,574654,1,44174852,2016-12-05T07:34:50Z
6770470,Howpper,1240864,1,44197545,2016-12-06T02:55:54Z
6786610,Tom_Holland,574654,1,44338002,2016-12-12T06:40:09Z
6797923,Howpper,1240864,1,44462384,2016-12-17T03:58:00Z
6797924,Howpper,1240864,1,44462384,2016-12-17T03:58:00Z
6797925,Howpper,1240864,1,44462384,2016-12-17T03:58:00Z
6797926,Howpper,1240864,1,44462384,2016-12-17T03:58:00Z
6797927,Howpper,1240864,1,44462384,2016-12-17T03:58:00Z
6797930,Howpper,1240864,1,44462442,2016-12-17T04:08:38Z
6797931,Howpper,1240864,2,44462475,2016-12-17T04:14:49Z
6797932,Howpper,1240864,1,44462442,2016-12-17T04:08:38Z
6797933,Howpper,1240864,1,44462442,2016-12-17T04:08:38Z
6797934,TheDutchMan13,1330847,2,48383590,2017-05-04T06:11:49Z
6797935,Howpper,1240864,1,44462475,2016-12-17T04:14:45Z
6801801,Paul Johnson,92286,1,44501332,2016-12-18T21:34:32Z
6801802,Paul Johnson,92286,1,44501332,2016-12-18T21:34:32Z
6843274,Tom_Holland,574654,1,44857877,2017-01-02T22:21:45Z
6858796,Tom_Holland,574654,3,45009482,2017-01-08T19:14:30Z
6881750,Tom_Holland,574654,1,45185760,2017-01-15T08:55:23Z
6907882,AceMcCrank,5184528,1,45452418,2017-01-24T22:21:49Z
6930149,rando67,466374,1,45668086,2017-01-30T22:55:31Z
7006282,uberfine,5367702,1,46346677,2017-02-23T19:09:24Z
7006283,uberfine,5367702,1,46346677,2017-02-23T19:09:24Z
7006476,meridianeum,148776,1,46349441,2017-02-23T21:05:41Z
7018020,abellao,496923,1,46457296,2017-02-28T03:26:41Z
7062693,meridianeum,148776,1,46752155,2017-03-10T23:09:09Z
7085719,NickBolten,2773196,1,46978744,2017-03-19T12:06:44Z
7085732,NickBolten,2773196,1,46978923,2017-03-19T12:12:59Z
7091481,NickBolten,2773196,1,47020283,2017-03-20T18:38:55Z
7092475,ELadner,22925,1,47026633,2017-03-20T23:27:18Z
7095537,user_5359,5359,2,48884812,2017-05-22T11:01:20Z
7095601,NickBolten,2773196,1,47052257,2017-03-21T21:46:15Z
7096052,NickBolten,2773196,1,47054940,2017-03-22T00:25:16Z
7124947,maxerickson,360392,1,47339551,2017-03-31T20:51:18Z
7124948,maxerickson,360392,1,47339551,2017-03-31T20:51:18Z
7126303,maxerickson,360392,1,47356651,2017-04-01T14:17:15Z
7126946,maxerickson,360392,1,47365059,2017-04-01T19:16:11Z
7193846,TheDutchMan13,1330847,1,48200233,2017-04-27T16:22:35Z
7220959,TheDutchMan13,1330847,1,48446996,2017-05-06T08:34:14Z
7220960,TheDutchMan13,1330847,1,48446996,2017-05-06T08:34:14Z
7224812,Tristan Surtel,689386,1,48473489,2017-05-07T12:29:03Z
7225967,Tristan Surtel,689386,1,48484458,2017-05-07T20:15:44Z
7226709,Tristan Surtel,689386,1,48495810,2017-05-08T09:09:29Z
7231972,CueVii,5015145,1,48550206,2017-05-10T04:44:15Z
7241744,TheDutchMan13,1330847,1,48650838,2017-05-13T14:32:45Z
7241745,TheDutchMan13,1330847,1,48650838,2017-05-13T14:32:45Z
7241746,TheDutchMan13,1330847,1,48650838,2017-05-13T14:32:45Z
7241747,TheDutchMan13,1330847,1,48650838,2017-05-13T14:32:45Z
7241748,TheDutchMan13,1330847,1,48650838,2017-05-13T14:32:45Z
7241749,TheDutchMan13,1330847,1,48650838,2017-05-13T14:32:45Z
7241750,TheDutchMan13,1330847,1,48650838,2017-05-13T14:32:45Z
7241751,TheDutchMan13,1330847,1,48650838,2017-05-13T14:32:45Z
7247039,Tristan Surtel,689386,1,48691395,2017-05-15T06:33:01Z
7260866,Tristan Surtel,689386,2,49025437,2017-05-27T13:52:57Z
7276386,Tristan Surtel,689386,4,49024927,2017-05-27T13:28:32Z
7276387,Tristan Surtel,689386,2,48945997,2017-05-24T12:16:21Z
7277038,Tristan Surtel,689386,3,49025437,2017-05-27T13:52:57Z
7277039,Tristan Surtel,689386,1,48945997,2017-05-24T12:16:18Z
7277059,Tristan Surtel,689386,1,48946235,2017-05-24T12:26:17Z
7278354,Tristan Surtel,689386,1,48953517,2017-05-24T18:00:18Z
7286180,Tristan Surtel,689386,2,49024927,2017-05-27T13:28:32Z
7286211,Tristan Surtel,689386,1,49024927,2017-05-27T13:28:28Z
7286271,Tristan Surtel,689386,1,49025437,2017-05-27T13:52:56Z
7286541,Tristan Surtel,689386,1,49027983,2017-05-27T15:59:37Z
7301779,Jothirnadh,2015224,1,49186945,2017-06-02T07:31:32Z
7319358,Cameron Belt,6139504,1,49354187,2017-06-08T04:50:35Z
7342050,NickBolten,2773196,1,49656294,2017-06-19T05:48:42Z
7342163,NickBolten,2773196,1,49657413,2017-06-19T06:41:15Z
7342164,NickBolten,2773196,1,49657413,2017-06-19T06:41:15Z
7342165,NickBolten,2773196,1,49657413,2017-06-19T06:41:16Z
7373533,lukasmartinelli,3133772,1,50018416,2017-07-03T20:11:06Z
7386651,yurasi,3526564,1,50179986,2017-07-10T15:39:16Z
7395340,norcross,6319165,1,50294842,2017-07-14T21:41:25Z
7415677,ethylisocyanat,5030592,5,51584745,2017-08-30T15:50:59Z
7446814,Bálint,574675,1,50861142,2017-08-05T12:03:36Z
7446815,Bálint,574675,1,50861142,2017-08-05T12:03:36Z
7500935,Chris Lawrence,36121,2,53046379,2017-10-18T17:32:02Z
7500936,Chris Lawrence,36121,2,53046379,2017-10-18T17:32:02Z
7500937,debutterfly,308181,1,51376997,2017-08-23T14:09:55Z
7500938,debutterfly,308181,1,51376997,2017-08-23T14:09:55Z
7500939,debutterfly,308181,1,51376997,2017-08-23T14:09:55Z
7500940,debutterfly,308181,1,51376997,2017-08-23T14:09:56Z
7524372,Reno Editor,1282393,3,52433984,2017-09-28T07:28:57Z
7524751,Howpper,1240864,1,51580610,2017-08-30T13:56:07Z
7524752,Howpper,1240864,1,51580610,2017-08-30T13:56:07Z
7526776,Chris Lawrence,36121,2,53046379,2017-10-18T17:32:02Z
7526777,Howpper,1240864,1,51597471,2017-08-30T23:52:07Z
7526784,Chris Lawrence,36121,2,53046379,2017-10-18T17:32:02Z
7526785,Howpper,1240864,1,51597614,2017-08-31T00:11:28Z
7526800,Howpper,1240864,1,51597817,2017-08-31T00:32:58Z
7526801,Howpper,1240864,1,51597817,2017-08-31T00:32:58Z
7526803,Howpper,1240864,1,51597895,2017-08-31T00:41:50Z
7526804,Howpper,1240864,1,51597895,2017-08-31T00:41:50Z
7526805,Howpper,1240864,1,51597895,2017-08-31T00:41:50Z
7526806,Howpper,1240864,1,51597895,2017-08-31T00:41:50Z
7526807,Howpper,1240864,1,51597895,2017-08-31T00:41:50Z
7526808,Chris Lawrence,36121,2,53046379,2017-10-18T17:32:02Z
7526832,Howpper,1240864,1,51597941,2017-08-31T00:48:24Z
7564020,Teesta,6443638,1,51925619,2017-09-11T03:55:05Z
7564021,Teesta,6443638,1,51925651,2017-09-11T03:57:36Z
7564026,Iqhra,6371645,1,51925694,2017-09-11T04:01:20Z
7564031,ranjithjoy,5623648,1,51925737,2017-09-11T04:05:13Z
7564032,Iqhra,6371645,1,51925751,2017-09-11T04:06:26Z
7564033,ranjithjoy,5623648,1,51925789,2017-09-11T04:09:56Z
7564050,Iqhra,6371645,2,51928790,2017-09-11T06:48:23Z
7564057,ranjithjoy,5623648,1,51925936,2017-09-11T04:19:29Z
7564058,Iqhra,6371645,1,51925975,2017-09-11T04:22:52Z
7564059,venkanna37,5680733,3,51926587,2017-09-11T05:06:46Z
7564061,TeresaPeteti,5648480,1,51926010,2017-09-11T04:25:50Z
7564062,ranjithjoy,5623648,1,51926043,2017-09-11T04:28:27Z
7564063,venkanna37,5680733,2,52311258,2017-09-23T18:35:20Z
7564067,ranjithjoy,5623648,1,51926074,2017-09-11T04:31:00Z
7564068,Teesta,6443638,1,51926114,2017-09-11T04:34:06Z
7564071,TeresaPeteti,5648480,1,51926192,2017-09-11T04:39:10Z
7564072,Iqhra,6371645,1,51926197,2017-09-11T04:39:22Z
7564073,ranjithjoy,5623648,1,51926212,2017-09-11T04:40:06Z
7564076,venkanna37,5680733,1,51926257,2017-09-11T04:42:26Z
7564079,ranjithjoy,5623648,1,51926302,2017-09-11T04:45:05Z
7564083,ranjithjoy,5623648,1,51926359,2017-09-11T04:47:46Z
7564084,Teesta,6443638,1,51926391,2017-09-11T04:49:54Z
7564085,TeresaPeteti,5648480,1,51926392,2017-09-11T04:50:03Z
7564089,Teesta,6443638,1,51926419,2017-09-11T04:53:08Z
7564092,Teesta,6443638,1,51926529,2017-09-11T05:00:40Z
7564094,Iqhra,6371645,1,51926600,2017-09-11T05:08:51Z
7564095,ranjithjoy,5623648,1,51926601,2017-09-11T05:08:53Z
7564097,TeresaPeteti,5648480,1,51926611,2017-09-11T05:09:28Z
7564101,TeresaPeteti,5648480,1,51926719,2017-09-11T05:15:28Z
7564107,ranjithjoy,5623648,1,51926774,2017-09-11T05:18:12Z
7564108,ranjithjoy,5623648,1,51926783,2017-09-11T05:18:41Z
7564109,ranjithjoy,5623648,1,51926793,2017-09-11T05:19:07Z
7564110,Teesta,6443638,1,51926807,2017-09-11T05:19:41Z
7564119,venkanna37,5680733,1,51926879,2017-09-11T05:25:00Z
7564121,TeresaPeteti,5648480,1,51926934,2017-09-11T05:27:09Z
7564122,ranjithjoy,5623648,1,51926962,2017-09-11T05:29:53Z
7564124,TeresaPeteti,5648480,1,51926976,2017-09-11T05:31:11Z
7564125,TeresaPeteti,5648480,1,51926976,2017-09-11T05:31:11Z
7564130,ranjithjoy,5623648,1,51927055,2017-09-11T05:35:20Z
7564131,Iqhra,6371645,1,51927086,2017-09-11T05:36:20Z
7564139,Iqhra,6371645,2,51928764,2017-09-11T06:47:18Z
7564140,ranjithjoy,5623648,1,51927226,2017-09-11T05:43:36Z
7564145,Iqhra,6371645,1,51927299,2017-09-11T05:46:17Z
7564149,Iqhra,6371645,1,51927411,2017-09-11T05:51:38Z
7564151,Teesta,6443638,1,51927491,2017-09-11T05:54:05Z
7564153,TeresaPeteti,5648480,1,51927583,2017-09-11T05:57:18Z
7564154,TeresaPeteti,5648480,1,51927583,2017-09-11T05:57:18Z
7564155,TeresaPeteti,5648480,1,51927598,2017-09-11T05:57:53Z
7564158,TeresaPeteti,5648480,1,51927618,2017-09-11T05:58:50Z
7564159,Iqhra,6371645,1,51927634,2017-09-11T05:59:20Z
7577134,Dilys,2475974,1,52069597,2017-09-15T13:39:10Z
7600158,venkanna37,5680733,1,52310863,2017-09-23T18:16:37Z
7600182,venkanna37,5680733,1,52310983,2017-09-23T18:22:13Z
7623790,sebastic,665748,2,52614497,2017-10-04T05:34:35Z
7625113,Skybunny,1751737,1,52602939,2017-10-03T17:40:20Z
7625114,Skybunny,1751737,1,52602939,2017-10-03T17:40:20Z
7625115,Skybunny,1751737,1,52602939,2017-10-03T17:40:20Z
7625870,Skybunny,1751737,1,52612523,2017-10-04T02:55:04Z
7643241,LemmingVegas,6784604,1,52829837,2017-10-11T15:26:28Z
7643242,LemmingVegas,6784604,1,52829837,2017-10-11T15:26:28Z
7643243,LemmingVegas,6784604,1,52829837,2017-10-11T15:26:28Z
7643244,LemmingVegas,6784604,1,52829837,2017-10-11T15:26:28Z
7643245,LemmingVegas,6784604,1,52829837,2017-10-11T15:26:28Z
7651312,Tristan Surtel,689386,1,52922785,2017-10-14T12:23:29Z
7651356,Tristan Surtel,689386,1,52923515,2017-10-14T13:05:51Z
7651719,Tristan Surtel,689386,1,52927368,2017-10-14T16:20:18Z
7655651,Tristan Surtel,689386,1,52974639,2017-10-16T08:05:52Z
7655652,Tristan Surtel,689386,1,52974639,2017-10-16T08:05:52Z
7663870,Tristan Surtel,689386,1,53062267,2017-10-19T08:49:14Z
7663871,Tristan Surtel,689386,1,53062267,2017-10-19T08:49:14Z
